anlaeg,ejer,adresse,type,lat,lon,cvr,virk_navn,pno,branche,match_source,afregning_2023_kr,prod_opgrad_gj,prod_el_gj
Nørgård Biogas ApS,Nørgård Biogas ApS,"Abildholtvej 7, 7500 Holstebro",,56.36591058,8.88465252,32593631,Nørgård Agro I/S,1015731903.0,Blandet landbrugsdrift,punit_address,-2005230.26,,13637.987103311998
Grauballegaard Biogas ApS,DBC,"Allingvej 13, 8632 Lemming",Landbrug,56.24445309,9.57798608,28692404,BB-ALLING HOLDING ApS,1011290457.0,Uoplyst,punit_address,-18868262.769999996,235967.6839472541,
Vestjysk Biogas ApS,DBC,"Arnborgvej 23a, 6900 Skjern",Landbrug,55.96814098,8.59502133,37808474,Vestjysk Biogas ApS,1021521864.0,Produktion af gas,punit_address,-21450750.14,245431.9085480852,
Kalundborg Bioenergi A/S,Bigadan,"Asnæsvej 14A, 4400 Kalundborg",Industri,55.66175543,11.09615927,25191153,Kalundborg Bioenergi A/S,1023737333.0,Produktion af gas,punit_address,-87602598.62,1060145.52606448,
Ejnar Kirk,Ejnar Kirk,"Ballerumvej 65, 7700 Thisted",,56.99532411,8.70782048,13159394,EJNAR KIRK,1000511330.0,Produktion af slagtesvin,punit_address,-1366438.4999999998,,9293.43192525072
Nature Energy Bånlev A/S ,Nature Energy Bånlev A/S,"Bjergagervej 4, 8380 Thrige",Landbrug,,,38748483,Nature Energy Bånlev Transport A/S,,Vejgodstransport,name,-23736463.45,271584.2332060135,
Egen produktion,Aarhus Universitet Foulum,"Burrehøjvej 43, 8830 Tjele ",,56.49688352,9.6003082,59217917,Kvægbrugets Forsøgcenter,1008026501.0,Anden forskning og eksperimentel udvikling inden for naturvidenskab og teknik,punit_address,-1211351.52,,8238.653079696
KW Energi A/S,KW Energi A/S,"Buskmosevej 37A, 6300 Gråsten",Landbrug,54.92322917,9.51597475,39645491,KW Energi A/S,1023705261.0,Produktion af gas,punit_address,-2390464.5500000003,80446.78911251361,16258.045397046337
Tybjerggaard Breeding A/S,Tybjerggaard Breeding A/S,Bøged Strandvej 2B,,55.09900798,12.14812399,19308391,EJENDOMMEN BØGED STRANDVEJ 23 V/LISBETH OG ALLAN CAPION,1003761297.0,Udlejning af erhvervsejendomme,punit_address,-1631768.03,,11097.9930002292
LBT Agro K/S ,LBT Agro K/S,"Dammenvej 139, 9800 Hjørring",Landbrug,57.41308778,10.0137079,28658842,LBT AGRO I K/S,1012400523.0,Produktion af gas,punit_address,-36539691.21,432983.5369342554,22902.173690292
Foersom  Bioenergi A/S,Foersom  Bioenergi A/S,"Egvadvej 29, Foersum, 6880 Tarm",,55.85326265,8.55951508,15234733,GÅRDEJER TORBEN CHRISTENSEN,1000885778.0,Produktion af slagtesvin,punit_address,-1864030.25,88301.60598725107,
Naturbiogas Tværmose,Naturbiogas Tværmose (tidl. Ejsing),"Ejsingholmvej 35, 7830 Vinderup ",Landbrug,56.53038441,8.75826746,13466998,KNUD ERLING BIRCH,1000569267.0,Avl af malkekvæg,punit_address,-21445126.74,,
Maabjerg Energy Center - Biogas A/S,Arla Foods Energy A/S,"Energivej 13, 7500 Holstebro",Landbrug,56.3982596,8.61468328,32266266,Maabjerg Energy Center - BioGas A/S,1015335021.0,Produktion af gas,punit_address,-25880892.97,,176021.3245669351
Nature Energy Kværs ApS,Nature Energy Kværs ApS,"Felstedvej 35C, Kværs, 6300 Gråsten",Landbrug,54.93975753,9.51868959,19693074,LARS HANSEN,1003935463.0,Blandet landbrugsdrift,punit_address,-47868216.3,580132.987840443,
Nysted Bioenergi ApS,Bigadan,"Fuglegårdsvej 10, 4892 Kettinge",Landbrug,54.6984408,11.71199623,20290994,NYSTED BIOGAS A.M.B.A.,1004223305.0,Produktion af elektricitet,punit_address,-4196063.050000001,,28538.295542615662
Vicus Biogas ApS,Vicus Biogas ApS,"Fuglsangvej 100, 8450 Hammel",Landbrug,56.23678916,9.93260852,45106799,BioCirc Favrskov CCS K/S,1030704890.0,Fremstilling af industrigasser,punit_address,-45465573.36,520201.0362058435,
Fårborggård I/S,Fårborggård I/S,"Fårborgvej 11A, 6940 Lem St",Landbrug,,,32511805,Fårborggård I/S,,Avl af smågrise,name,-356871.2799999999,,4985.593584996959
Nature Energy Sønderborg A/S,Nature Energy Sønderborg A/S,"Glansager 4, 6400 Sønderborg",Landbrug,,,34734690,Nature Energy Trekanten A/S,,Fremstilling af gas,name,-49517068.31,591834.2360848351,
Nature Energy Månsson A/S,Nature Energy Månsson A/S,"Grarupvej 1A, 7330 Brande",Landbrug,,,34734690,Nature Energy Trekanten A/S,,Fremstilling af gas,name,-50675889.57,675518.826135219,
GreenLab Skive Biogas ApS,GreenLab Skive Biogas ApS,"Greenlab 10, 7860 Spøttrup",Landbrug,56.64702489,8.97890144,38280880,Biogasanlæg,1025917193.0,Produktion af gas,punit_address,-72508924.66000001,,
Nature Energy Holsted A/S,Nature Energy Holsted A/S,"Grindstedvej 4, 6670 Holsted",Landbrug,55.53027015,8.91255728,28305141,N.C. Miljø,1020683488.0,Genbrug af sorterede materialer,punit_address,-66369412.239999995,822636.8111198148,
GrønGas Vrå A/S,GrønGas Vrå A/S,"Grøngasvej 13, 9760 Vrå",Landbrug,57.36525072,9.98207276,39611430,Biomass.dk A/S,1023664816.0,Støtteaktiviteter i forbindelse med planteavl,punit_address,-42313490.92,484136.0215979658,
Rønnovsholm ApS v/N K Holger Kirketerp,Rønnovsholm ApS,"Guldagervej 404C, 9800 Hjørring",Landbrug,,,27042902,RØNNOVSHOLM v/N K Holger Kirketerp,,Blandet landbrugsdrift,name,-8962553.82,102546.37616849868,
Nature Energy Hemmet ApS,Nature Energy A/S,"Gundesbølvej 21A, 6893 Hemmet",,55.84364711,8.42981865,17100742,JEPPE NIELSEN,1001222576.0,Udlejning af erhvervsejendomme,punit_address,-28537269.49,326513.3604311854,
GrønGas Hjørring A/S,GrønGas Hjørring A/S,"Gårestrupvej 179, 9800 Hjørring",Landbrug,57.49185807,9.92214279,26114179,GrønGas Hjørring A/S,1023710656.0,Produktion af gas,punit_address,-2925300.5600000005,,19895.57625770208
Bio Vækst A/S,Bio Vækst A/S,"Hagesholmvej 7, 4520 Svinninge",Deponi,55.75876993,11.58660612,13507406,Audebo Miljøcenter,1014181969.0,Anden nyttiggørelse af affald,punit_address,-37618.24,,540.336694581568
Naturbiogas Sode A/S,BioCirc,"Hejsager Næsvej 137A, 6100 Haderselv",Landbrug,,,41604034,Naturbiogas Ejstrup ApS,,Produktion af gas,name,-59300204.489999995,882320.7699635451,
Claus P Hissel,Claus P Hissel,"Hellinghøjvej 5, Tumbøl 6200 Aabenraa",,54.96832525,9.51247665,18306077,CLAUS P. HISSEL I/S               V/CLAUS P. HISSEL & CLAUS PETERSENHISSEL,1001476403.0,Planteavl kombineret med husdyravl (blandet drift),punit_address,,,11926.898417858114
Hærup Biogas ApS,Klejtrup varmeværk ,"Herredsvejen 180A, 9500 Hobro",Landbrug,56.58271952,9.60985314,36453672,JENSENS MARKBRUG ApS,1019953307.0,"Dyrkning af korn (undtagen ris), bælgfrugter og olieholdige frø",punit_address,-5030129.57,,34210.95516072
Ølgod Bioenergi ApS,Ølgod Bioenergi ApS,"Hjeddingvej 6A, 6870 Ølgod",Landbrug,55.78670405,8.60705823,11965342,HANS PEDER CHRISTIANSEN,1000307067.0,"Dyrkning af korn (undtagen ris), bælgfrugter og olieholdige frø",punit_address,-13807318.010000002,195124.27230535256,
Sustainable Bio Solutions Aabenraa K/S,Sustainable Bio Solutions Aabenraa K/S,"Hjerneshøjvej 10, 6200 Aabenraa",Landbrug,54.94318404,9.37001052,25191153,SBS Kliplev,1027303729.0,Produktion af gas,punit_address,-113679235.22,1300677.6680556757,
Filskov Energiselskab A M B A,Filskov Energiselskab A M B A,"Hjortlundvej 13A, 7200 Grindsted",Landbrug,55.80503261,9.03009967,16263443,FILSKOV ENERGISELSKAB A M B A,1001067947.0,Fjernvarmeforsyning,punit_address,-5461304.81,,37143.46745471232
Holbæk Bioenergi I/S,Holbæk Bioenergi I/S,"Holbækvej 33, 6780 Skærbæk",Landbrug,55.21551901,8.86726871,16814172,ANDERS OG JUTTA ROSENKVIST,1001165114.0,Avl af malkekvæg,punit_address,-2751186.1,,18711.38766947113
Lykkeslund Bioenergi ApS,Lykkeslund Bioenergi ApS,"Holemarken 24, 5450 Otterup",Landbrug,55.54343518,10.31477912,19224244,LARS LANGSKOV NIELSEN,1003730157.0,Avl af smågrise,punit_address,-10781853.87,126665.5775472098,
Vesthimmerland Biogas A/S,BioCirc,"Holmevej 100, 9640 Farsø",Landbrug,56.78747527,9.38806301,89797217,ALDI MARKED,1010338766.0,Discountforretninger,punit_address,-107818569.48,1324897.7687030516,
Kim Westergaard,Kim Westergaard,"Holmvej 12, 6200 Aabenraa",,54.94810656,9.43080733,10205107,HANS MARTIN WESTERGAARD,1000035807.0,Avl af malkekvæg,punit_address,-1383732.82,,9411.05418801163
AU-Vindmøller I/S,AU-Vindmøller I/S,"Holstebrovej 101, 7560 Hjerm",Landbrug,56.42913211,8.60192513,34007993,Ausumgaard Vindmøllelaug I/S,1017325562.0,Produktion af elektricitet fra vedvarende energikilder,punit_address,-23540290.179999996,273028.3158739668,
Ulsted biogas ApS,Ulsted biogas ApS,"Houvej 90, 9370 Hals",Landbrug,57.05679366,10.30886776,25448286,ULSTED EL-FORRETNING A/S,1002738531.0,El-installation,punit_address,-2104712.73,,14314.58803779264
Flemløse Biogas ApS,Flemløse Biogas ApS,"Karlemosevej 5, 5620 Glamsbjerg",Landbrug,55.25683037,10.07568168,39037718,Flemløse Biogas ApS,1022959642.0,Produktion af gas,punit_address,-17084942.929999996,195479.88414018104,
H.H.R.M. Energi og Landbrug ApS (Kiddegård Biogas),H.H.R.M. Energi og Landbrug ApS (Kiddegård Biogas),"Kiddegårdsvej 3, 7300 Jelling",Landbrug,55.75834239,9.36303929,30230272,Kiddegård Møllesyd 63-917 I/S v/Knud Arne Siddle og Susan Ann Siddle,1013037031.0,Produktion af elektricitet,punit_address,-2919979.32,,19859.38530731251
Egen produktion,"Snertinge, Særslev, Føllenslev Energiselskab Am.b.a","Kirkemosesvej 17, 4591 Føllenslev",,,,44292548,Ved Egen,,Anden undervisning i.a.n.,name,-1895822.5600000003,,12893.882684735518
Ribe Biogas A/S,Nature Energy A/S,"Koldingvej 19, 6760 Ribe",Landbrug,55.36068762,8.78888754,15397977,Familie & Samfund Kalvslund Aftenskole,1000916719.0,Andre skoler med almendannende voksenundervisning,punit_address,-39214611.26,500586.55082176847,
Thorsø Biogasanlæg ApS,Infranode Thorsø Biogasanlæg ApS,"Kongensbrovej 10, 8881 Thorsø",,56.31323834,9.76798705,15270586,THORSØ MILJØ- OG BIOGASANLÆG AMBA,1000893094.0,"Agenturhandel med landbrugsråvarer, levende dyr, tekstilråvarer og halvfabrikata",punit_address,-16206063.86,239918.30018321256,3971.468352383999
Egenprocent,Andekærgaard Biogas ApS,"Kragekærvej 12, 5700 Svendborg",,54.98006066,10.55484208,28428138,Niels Møller Jensen,1011239486.0,Planteformering,punit_address,-16773589.29,191917.48591064647,
GreenLab Skive Biogas ApS,GreenLab Skive Biogas ApS,"Kåstrupvej 22, 7860 Spøttrup",Landbrug,56.64551149,8.97790875,33599056,KLIMAFONDEN SKIVE,1016805250.0,Administrations- og kontorserviceaktiviteter,punit_address,,829621.5121498337,
Zastrow Bioenergi ApS,Zastrow Bioenergi ApS,"Langehede 71A, 5471 Søndersø",Landbrug,55.46782047,10.27868655,17594206,LENE VOLDGAARD JENSEN,1010624289.0,Udlejning af erhvervsejendomme,punit_address,-12513972.38,143180.45304573438,
Sønderjysk Biogas Bevtoft A/S,Sønderjysk Biogas Bevtoft A/S,"Langvej 65, 65 41 Bevtoft",Landbrug,,,36704632,Sønderjysk Biogas Bevtoft A/S,,Produktion af gas,name,-75663999.31,865720.7622975623,
Nature Energy Midtfyn A/S,Nature Energy Midtfyn A/S,"Lervangsvej 2, 5750 Ringe",Landbrug,55.25433258,10.35250117,28305141,N.C. Miljø A/S,1021263695.0,Genbrug af sorterede materialer,punit_address,-70293116.34,804269.0156066036,
Nature Energy Korskro A/S,Nature Energy Korskro A/S,"Lunde Hovedvej 51, 6705 Esbjerg Ø",Landbrug,55.51875611,8.59189812,34614091,Shell Korskro Biogas,1032396492.0,Produktion af gas,punit_address,-68373344.68,918559.0582922389,
Outrup Biogas ApS,DBC,Lundtangvej 165,Landbrug,55.70239244,8.37023621,45955222,DBC Greenfield 7 A/S,1031760883.0,Produktion af gas,punit_address,-24046759.94,280834.5533315512,
Langaa Bioenergi ApS,Langaa Bioenergi ApS,"Løjstrupvej 12B, 8870 Langå",,56.37347867,9.92230002,36576065,Specialpæd. konsulent P. Thesbjerg,1020271708.0,Anden undervisning i.a.n.,punit_address,-16343765.579999998,190688.2228221759,
Baunsgaard Agro ApS,Baunsgaard Agro ApS,"Mellemtoften 12, 7860 Spøttrup",Landbrug,56.59415401,8.74245616,27543391,Bertel Trærup,1010327829.0,Produktion af slagtesvin,punit_address,-493785.6299999999,,3358.3385534399995
Tønder Biogas A/S,Tønder Biogas A/S,"Midtmosevej 4, 6270 Tønder",,54.96596146,8.97599632,39427168,Copenhagen Infrastructure Service Company Aps - Tønder,1030909476.0,Virksomhedsrådgivning og anden ledelsesrådgivning,punit_address,-4817411.46,55119.12088731423,
Ringsted Biogas ApS,BioCirc,"Mulstrup Møllevej 10, 4100 Ringsted",Landbrug,55.41279352,11.82703324,15891076,ERNA OLSEN,1000995951.0,Kornavl,punit_address,-19066771.529999997,218155.2672285736,
Grønhøj Biogas A/S,BioCirc,"Mønstedvej 32A, Grønhøj, 7470 Karup J",Landbrug,56.37544113,9.21759613,40516263,Grønhøj Biogas Holding ApS,1024699281.0,Kombinerede administrationsserviceydelser,punit_address,-25724688.340000004,294332.80033716623,
Limfjordens Bioenergi ApS,Bigadan & E.ON,"Næssundvej 234, 7970 Redsted M",Landbrug,56.75303849,8.65745588,35378979,LIMFJORDENS BIOENERGI ApS - Produktion,1018898922.0,Produktion af gas,punit_address,-33220777.66,419377.6462548966,
Nature Energy Køng ApS,Nature Energy Køng ApS,"Næstvedvej 392, 4750 Lundby",Landbrug,55.09139134,11.82653176,69901417,GDR STIG JENSEN,1002308758.0,Blandet landbrugsdrift,punit_address,-38160804.54,436622.45064439625,
Gedstedgård Biogas ApS,Gedsted Varmeværk a.m.b.a,"Nørgaardsvej 50, 9631 Gedsted",,56.69990078,9.34185033,39990164,Sudergaard Landbrug Holding ApS,1024095203.0,Ikke-finansielle holdingselskaber,punit_address,-2684998.1699999995,,18261.229879152
Nature Energy Nordfyn A/S,Nature Energy Nordfyn A/S,"Odensevej 158, 5400 Bogense",Landbrug,55.52963956,10.12803096,30499522,EJENDOMSSELSKABET ODENSEVEJ 137 ApS,1013193750.0,Udlejning af erhvervsejendomme,punit_address,-66989186.2,766466.6137314338,
Kerteminde Biogas,Kerteminde Biogas,"Odensevej 250, 5300 Kerteminde",Landbrug,55.43632883,10.62916878,72047710,FLEMMING ROHDE,1005194761.0,Udlejning af erhvervsejendomme,punit_address,-8532385.929999998,103301.85494713033,
Lemvig Biogas amba,"Lemvig Varmeværk a.m.b.a, Lemvig Biogasanlæg A.M.B.A.","Pillevej 12, 7620 Lemvig",Landbrug,56.51691393,8.3132899,28450850,LEMVIG BIOGASANLÆG AMBA,1001630681.0,Produktion af gas,punit_address,-13182492.47,,89656.867220207
BioCirc Blåbjerg Biogas ApS. Forsvarets og forsvarsministeriets styrelser,BioCirc Blåbjerg Biogas ApS,"Præstbølvej 11, 6830 Nørre Nebel",Landbrug,55.77714053,8.31202737,43305077,BioCirc Blåbjerg biogas,1030052230.0,Virksomhedsrådgivning og anden ledelsesrådgivning,punit_address,-27063906.48,251962.16827187585,35661.722187298874
Henrik Clausen,Graugaard I/S,"Pøl Nørregade 31, 6430 Nordborg",,55.0691055,9.75903405,13036101,HENRIK CLAUSEN,1000488158.0,Udlejning af erhvervsejendomme,punit_address,-893218.27,,6074.96288293253
"Bigadan, Herning Bioenergi A/S",Arla Foods Ingredients Energy A/S,"Rosmosevej 4, 7400 Herning",,56.20818363,8.87772963,25809890,Herning Bioenergi A/S,1019201534.0,Produktion af gas,punit_address,-15676380.81,,106618.31947728
Skive Biogas ApS,Skive Biogas ApS,"Rudemøllevej 74, 7800 Skive",Landbrug,,,35663231,SKIVE BIOGAS ApS,,Produktion af gas,name,-3251202.01,,22112.099580038834
Rybjerg Biogas P/S,Rybjerg Biogas P/S,"Rustedmøllevej 1, 7870 Roslev",Landbrug,56.71949471,9.04698168,13818770,JENS HENRY CHRISTENSEN,1000630615.0,Produktion af slagtesvin,punit_address,-14375519.79,161251.55146961266,6108.861268223999
Gårdejer Carl Christian Bæk,Gårdejer Carl Christian Bæk,"Røngevej 3, 8860 Ulstrup",,56.39248092,9.75083908,39675951,Terapeuteriet,1023795368.0,Psykologisk og psykoterapeutisk rådgivning,punit_address,-493670.18999999994,,3357.5534628479995
Bornholms Bioenergi ApS,Bigadan,"Rønnevej 48, 3720 Aakirkeby",Landbrug,55.08061732,14.88167351,14161600,EJNAR OG VALBORG HANSENS MINDELEGAT (FOND),1005636076.0,"Støtteaktiviteter relateret til sygdomsbekæmpende, sociale og velgørende formål",punit_address,-6043798.460000001,,41105.127624912
Ulsted Biogas ApS,Ulsted Biogas ApS,Rørholtvej 86,Landbrug,57.10517735,10.29404936,28487118,Landmand /vindmølleejer Anders Bundgaard,1001631184.0,"Dyrkning af korn (undtagen ris), bælgfrugter og olieholdige frø",punit_address,-4320.98,,29.387887364159997
Blåhøj Energiselskab A.M.B.A,Blåhøj Energiselskab A.M.B.A,"Sdr. Ommevej 38, 7330 Brande",Landbrug,55.86625948,9.0123003,19231097,BLÅHØJ ENERGISELSKAB A.M.B.A.,1003733569.0,Fjernvarmeforsyning,punit_address,-6060372.63,,41217.8520351312
Madsen Bioenergi I/S,Madsen Bioenergi I/S,"Skivevej 47, 7860 Spøttrup",Landbrug,56.61667513,8.89863118,33845499,Madsen Bioenergi I/S,1017121304.0,Produktion af gas,punit_address,-16126774.229999997,184516.85631991248,
Energi Vegger,"Arla Foods Energy A/S, Energi Vegger A M B A","Skivumvej 2, Vegger 9240 Nibe",Landbrug,56.88829591,9.57330998,12496796,VOGNMAND BENT MADSEN,1000395508.0,Vejgodstransport,punit_address,-6433640.8,,43756.5262289875
Nature Energy Videbæk,Nature Energy Videbæk,"Skjernvej 55A, 6920 Videbæk",Landbrug,56.06128956,8.63785561,29288526,Jørgen Mortensen,1011981352.0,Udlejning af erhvervsejendomme,punit_address,-58239466.14,753948.158370174,
Nørreris Bioenergi ApS,Skals Kraftvarmeværk A.M.B.A + Klejtrup Varmeværk,"Skovvej 2, 8832 Skals",Landbrug,56.58603719,9.31356943,39012561,Nørreris Bioenergi ApS,,Produktion af gas,name,-4458807.37,,30325.27428344981
Storde Biogas I/S,Storde Biogas I/S,"Storde 2, 6261 Bredebro",Landbrug,55.05744539,8.84440906,34256063,Storde Biogas I/S,1017858439.0,Produktion af gas,punit_address,-16172759.2,290218.54118400934,
Jens Krogh,Jens Krogh,"Tarpvej 15, 6870 Ølgod",,55.80387473,8.55068029,13213178,JENS KROGH,1000521566.0,Avl af malkekvæg,punit_address,-619966.5599999999,,4216.5211866130085
Nature Energy Vaarst A/S,Nature Energy Vaarst A/S,"Torderupvej 23, 9260 Gistrup",Landbrug,56.94984449,10.03292621,34614091,Shell Vaarst Biogas,1032396468.0,Produktion af gas,punit_address,-31190688.370000005,356872.8425910729,
Linkogas AMBA,"Linkogas AMBA, ApS Gammelmark 21","Tornum 15, 6660 Lintrup",Landbrug,55.38304653,8.95638335,11458378,LINKOGAS A.M.B.A.,1000238265.0,Produktion af gas,punit_address,,567473.451647894,18127.72669034995
Linkogas AMBA,"Linkogas AMBA, ApS Gammelmark 20","Tornumvej 15, 6660 Lintrup",Landbrug,55.38304653,8.95638335,11458378,LINKOGAS A.M.B.A.,1000238265.0,Produktion af gas,punit_address,-52262551.60000001,,
Egen produktion,Morten Yde Kirk,"Tovsgårdvej 5, 7700 Thisted",,56.98913338,8.69231502,75408218,SKINNERUP MASKINSTATION I/S,1002459341.0,Støtteaktiviteter i forbindelse med planteavl,punit_address,-1322004.22,,8991.22512205008
Biogas Tågholm P/S (konvertering),Biogas Tågholm P/S,"Tågholmvej 2,6230 Rødekro",Landbrug,55.0284146,9.22379318,41780282,Birgit Sangild,1026392949.0,"Dyrkning af korn (undtagen ris), bælgfrugter og olieholdige frø",punit_address,-22297499.019999996,255120.11033001667,
Sindal Biogas A/S,DBC,"Ugiltvej 20, 9870 Sindal",Landbrug,57.45749071,10.19947746,41538996,Sindal Biogas A/S,1026059131.0,Produktion af gas,punit_address,-54379338.620000005,622189.1905396858,
Vinkel Bioenergi ApS,BioCirc,"Vasehøjvej 16, 7840 Højslev",Landbrug,56.55030702,9.15627533,20812648,Lillegården El  - Vinkel Biogas,1025272265.0,El-installation,punit_address,-130980752.93,1547515.523904974,
Hashøj Biogas,Hashøj Kraftvarmeforsyning AMBA,"Vemmeløsevej 19A, 4261 Dalmose",,55.30747134,11.42821222,13112231,JENS NIELSEN,1000501981.0,Svineavl,punit_address,-3374955.91,,22953.77558618976
Gfe Krogenskær P/S,Gfe Krogenskær P/S,"Vildmosevej 21B, 9700 Brønderslev",Landbrug,57.25129847,9.9338196,12798377,GDR JAN ULRICH,1000447311.0,Produktion af slagtesvin,punit_address,-14774113.48,169040.1897233375,
Naturbiogas Tværmose,Naturbiogas Tværmose (tidl. Ejsing),"Vinderupvej 26, 7830 Vinderup ",Landbrug,56.51776413,8.79102534,25332814,GDR JENS PEDER PEDERSEN,1001582095.0,"Dyrkning af korn (undtagen ris), bælgfrugter og olieholdige frø",punit_address,,245367.5676586954,
Vrejlev Bioenergi P/S,DBC,"Vrejlev Møllevej 11, 9760 vrå",Landbrug,,,37303240,Vrejlev Bioenergi P/S,,Produktion af gas,name,-19465868.860000003,225339.64769042624,
LBJBIO I/S,LBJBIO I/S,"Vådagervej 13, 4250 Fuglebjerg",Landbrug,55.30057151,11.49044881,26343275,Lise Rasmussen,1024839598.0,"Dyrkning af korn (undtagen ris), bælgfrugter og olieholdige frø",punit_address,-1136597.32,,7730.234306984592
Viftrup Biogas P/S,Spjald Fjernvarme- og Vandværk a.m.b.a,"Væggerskildevej 3, 6971 Spjald",,56.12987005,8.57371319,40198423,Viftrupgård Consult,1024343029.0,Virksomhedsrådgivning og anden ledelsesrådgivning,punit_address,-3904442.0,,26557.205115635996
Horsens Bioenergi ApS,Horsens Bioenergi ApS,"Ålkærgårdvej 13, 8700 Horsens",Landbrug,55.9208811,9.80795001,33776039,Daka ReFood,1021089318.0,Genindvinding af materialer,punit_address,-72281449.32,916558.077445879,
BB Bioenergy P/S,DBC,"Ålstrupvej 72, 9760 Vrå",,,,30708946,BIOENERGY ApS,,Forskning og eksperimentel udvikling indenfor bioteknologi,name,-38056550.65,441797.931875108,
Solrød Biogas A/S,"Solrød Bioenergi ApS, Vestegnens Kraftvarmeselskab I/S, Solrød Fjernvarme a m b a","Åmarken 6, 4623 Lille Skensved",,55.51568773,12.17454467,25191153,Solrød Biogas A/S,1020519521.0,Produktion af gas,punit_address,-46886742.37,466047.4861433421,41855.92051572921
Arla Foods Energy A/S,Arla Foods Energy A/S,"Århusvej 15, 8840 Rødkærsbro",,56.34740002,9.51384391,87469816,ARLA FOODS ENERGY A/S,,Produktion af elektricitet fra vedvarende energikilder,name,-7395962.779999999,,50288.651743279246
BioCirc Iglsø Biogas ApS,BioCirc Iglsø Biogas ApS,"Ø. Børstingvej 6, Ø. Børsting, 7850 Stoholm Jylland",,,,38130404,BioCirc Iglsø Biogas ApS,,Produktion af gas,name,-24259171.209999997,299756.5306162091,
"Bigadan, Herning Bioenergi A/S",Arla Foods Energy A/S + Arla Foods Ingredients Group P/S,"Ørneborgvej 11, 7400 Herning",,56.104932,8.92010655,25809890,Herning Bioenergi A/S,1019201585.0,Produktion af gas,punit_address,-27688569.659999996,,147485.00989872002
Brdr. Thorsen Varmeværk I/S,Brdr. Thorsen Biogas I/S,"Østenfjeldvej 9, 8581 Nimtofte",,56.42040983,10.52925569,34962049,Thorsen Landbrug I/S,1018261517.0,Produktion af slagtesvin,punit_address,-2016956.05,,13717.73663808912
Fangel Bioenergi ApS,Bigadan,"Østermarksvej 70, 5260 odense S",Landbrug,55.32660028,10.34235931,12416431,FANGEL MILJØ- OG                  ENERGISELSKAB A.M.B.A.,1000383408.0,Produktion af elektricitet,punit_address,-21615269.64,,147009.934922657
